<?xml version="1.0"?>
<!DOCTYPE hibernate-mapping PUBLIC
"-//Hibernate/Hibernate Mapping DTD 3.0//EN"
"http://hibernate.sourceforge.net/hibernate-mapping-3.0.dtd">

<hibernate-mapping>
	<class name="com.maybank.inheritance.Employee" table="Employees" discriminator-value="MayEmployees">
		<id name="employeeId" column="EID" type="integer">
			<generator class="assigned"></generator>
		</id>
		
		<discriminator column="Type" type="string"></discriminator>
		<property name="employeeName" column="EName"></property>
		
		<subclass name="com.maybank.inheritance.RegularEmployee" discriminator-value="Regular" extends="Employee">
					<property name="regulareEmployeeSalary" column="RSalary" type="integer"></property>
					<property name="regulareEmployeeBonus" column="RBonus" type="integer"></property>
		</subclass>
		
		
			<subclass name="com.maybank.inheritance.ContractEmployee" discriminator-value="Contract" extends="Employee">
					<property name="payPerHour" column="PerHour" type="integer"></property>
					<property name="duration" column="Duration" ></property>
		</subclass>
		
	</class>
</hibernate-mapping>