<?xml version='1.0' encoding='utf-8'?>
<!DOCTYPE hibernate-configuration PUBLIC
"-//Hibernate/Hibernate Configuration DTD 3.0//EN"
"http://hibernate.sourceforge.net/hibernate-configuration-3.0.dtd">

<hibernate-configuration>
<session-factory>
     <property name="connection.driver_class">com.mysql.jdbc.Driver</property>
    <property name="connection.url">jdbc:mysql://localhost:3306/maybank</property>
    <property name="connection.username">root</property>
    <property name="connection.password">root</property>
 	<property name="dialect">org.hibernate.dialect.MySQLDialect</property>
    <property name="show_sql">false</property>
         <property name="hibernate.hbm2ddl.auto">update</property>
      <!-- Mapping files -->
      <mapping resource="com/maybank/inheritance/Employee.hbm.xml"/> 
</session-factory>
</hibernate-configuration>