<?xml version="1.0" encoding="UTF-8"?>
<!DOCTYPE hibernate-mapping PUBLIC
          "-//Hibernate/Hibernate Mapping DTD 3.0//EN"
          "http://hibernate.sourceforge.net/hibernate-mapping-3.0.dtd">
<hibernate-mapping>

	<class name="caching.Users" table="Users">
	  	<cache usage="read-only"/> 
		<id name="userid" type="int" column="userid">
			<generator class="increment"/>
		</id>

		<property name="username">
			<column name="UserName" />
		</property>

		<property name="password">
			<column name="MyPassword" />
		</property>
	</class>
</hibernate-mapping>
